<?xml version='1.0' encoding='UTF-8'?><message:GenericData xmlns:footer="http://www.sdmx.org/resources/sdmxml/schemas/v2_1/message/footer" xmlns:generic="http://www.sdmx.org/resources/sdmxml/schemas/v2_1/data/generic" xmlns:common="http://www.sdmx.org/resources/sdmxml/schemas/v2_1/common" xmlns:message="http://www.sdmx.org/resources/sdmxml/schemas/v2_1/message" xmlns:xsi="http://www.w3.org/2001/XMLSchema-instance" xmlns:xml="http://www.w3.org/XML/1998/namespace"><message:Header><message:ID>511Y002</message:ID><message:Test>false</message:Test><message:Prepared>2023-11-27T15:31:18</message:Prepared><message:Sender id="BOK"><common:Name xml:lang="ko">한국은행</common:Name><common:Name xml:lang="en">Bank of Korea</common:Name></message:Sender><common:Name xml:lang="en">6.2.1. Consumer Survey Index(BOK, National)(Monthly)(2008.9~)</common:Name><common:Name xml:lang="ko">6.2.1. 소비자동향조사(전국, 월, 2008.9~)</common:Name><message:Structure structureID="BOK_511Y002_1_0" dimensionAtObservation="AllDimensions"><common:Structure><Ref agencyID="BOK" id="511Y002" version="1.0"/></common:Structure></message:Structure><message:DataSetAction>Information</message:DataSetAction><message:DataSetID>511Y002</message:DataSetID></message:Header><message:DataSet structureRef="BOK_511Y002_1_0"><generic:Obs><generic:ObsKey><generic:Value id="FREQ" value="M"/><generic:Value id="CSI_CD" value="FMFB"/><generic:Value id="CSI_CLF_CD" value="99988"/><generic:Value id="TIME_PERIOD" value="2023-M10"/></generic:ObsKey><generic:ObsValue value="108"/></generic:Obs><generic:Obs><generic:ObsKey><generic:Value id="FREQ" value="M"/><generic:Value id="CSI_CD" value="FMFB"/><generic:Value id="CSI_CLF_CD" value="99988"/><generic:Value id="TIME_PERIOD" value="2023-M09"/></generic:ObsKey><generic:ObsValue value="110"/></generic:Obs><generic:Obs><generic:ObsKey><generic:Value id="FREQ" value="M"/><generic:Value id="CSI_CD" value="FMFB"/><generic:Value id="CSI_CLF_CD" value="99988"/><generic:Value id="TIME_PERIOD" value="2023-M08"/></generic:ObsKey><generic:ObsValue value="107"/></generic:Obs><generic:Obs><generic:ObsKey><generic:Value id="FREQ" value="M"/><generic:Value id="CSI_CD" value="FMFB"/><generic:Value id="CSI_CLF_CD" value="99988"/><generic:Value id="TIME_PERIOD" value="2023-M07"/></generic:ObsKey><generic:ObsValue value="102"/></generic:Obs><generic:Obs><generic:ObsKey><generic:Value id="FREQ" value="M"/><generic:Value id="CSI_CD" value="FMFB"/><generic:Value id="CSI_CLF_CD" value="99988"/><generic:Value id="TIME_PERIOD" value="2023-M06"/></generic:ObsKey><generic:ObsValue value="100"/></generic:Obs><generic:Obs><generic:ObsKey><generic:Value id="FREQ" value="M"/><generic:Value id="CSI_CD" value="FMFB"/><generic:Value id="CSI_CLF_CD" value="99988"/><generic:Value id="TIME_PERIOD" value="2023-M05"/></generic:ObsKey><generic:ObsValue value="92"/></generic:Obs><generic:Obs><generic:ObsKey><generic:Value id="FREQ" value="M"/><generic:Value id="CSI_CD" value="FMFB"/><generic:Value id="CSI_CLF_CD" value="99988"/><generic:Value id="TIME_PERIOD" value="2023-M04"/></generic:ObsKey><generic:ObsValue value="87"/></generic:Obs><generic:Obs><generic:ObsKey><generic:Value id="FREQ" value="M"/><generic:Value id="CSI_CD" value="FMFB"/><generic:Value id="CSI_CLF_CD" value="99988"/><generic:Value id="TIME_PERIOD" value="2023-M03"/></generic:ObsKey><generic:ObsValue value="80"/></generic:Obs><generic:Obs><generic:ObsKey><generic:Value id="FREQ" value="M"/><generic:Value id="CSI_CD" value="FMFB"/><generic:Value id="CSI_CLF_CD" value="99988"/><generic:Value id="TIME_PERIOD" value="2023-M02"/></generic:ObsKey><generic:ObsValue value="71"/></generic:Obs><generic:Obs><generic:ObsKey><generic:Value id="FREQ" value="M"/><generic:Value id="CSI_CD" value="FMFB"/><generic:Value id="CSI_CLF_CD" value="99988"/><generic:Value id="TIME_PERIOD" value="2023-M01"/></generic:ObsKey><generic:ObsValue value="68"/></generic:Obs><generic:Obs><generic:ObsKey><generic:Value id="FREQ" value="M"/><generic:Value id="CSI_CD" value="FMFB"/><generic:Value id="CSI_CLF_CD" value="99988"/><generic:Value id="TIME_PERIOD" value="2022-M12"/></generic:ObsKey><generic:ObsValue value="62"/></generic:Obs><generic:Obs><generic:ObsKey><generic:Value id="FREQ" value="M"/><generic:Value id="CSI_CD" value="FMFB"/><generic:Value id="CSI_CLF_CD" value="99988"/><generic:Value id="TIME_PERIOD" value="2022-M11"/></generic:ObsKey><generic:ObsValue value="61"/></generic:Obs><generic:Obs><generic:ObsKey><generic:Value id="FREQ" value="M"/><generic:Value id="CSI_CD" value="FMFB"/><generic:Value id="CSI_CLF_CD" value="99988"/><generic:Value id="TIME_PERIOD" value="2022-M10"/></generic:ObsKey><generic:ObsValue value="64"/></generic:Obs><generic:Obs><generic:ObsKey><generic:Value id="FREQ" value="M"/><generic:Value id="CSI_CD" value="FMFB"/><generic:Value id="CSI_CLF_CD" value="99988"/><generic:Value id="TIME_PERIOD" value="2022-M09"/></generic:ObsKey><generic:ObsValue value="67"/></generic:Obs><generic:Obs><generic:ObsKey><generic:Value id="FREQ" value="M"/><generic:Value id="CSI_CD" value="FMFB"/><generic:Value id="CSI_CLF_CD" value="99988"/><generic:Value id="TIME_PERIOD" value="2022-M08"/></generic:ObsKey><generic:ObsValue value="76"/></generic:Obs><generic:Obs><generic:ObsKey><generic:Value id="FREQ" value="M"/><generic:Value id="CSI_CD" value="FMFB"/><generic:Value id="CSI_CLF_CD" value="99988"/><generic:Value id="TIME_PERIOD" value="2022-M07"/></generic:ObsKey><generic:ObsValue value="82"/></generic:Obs><generic:Obs><generic:ObsKey><generic:Value id="FREQ" value="M"/><generic:Value id="CSI_CD" value="FMFB"/><generic:Value id="CSI_CLF_CD" value="99988"/><generic:Value id="TIME_PERIOD" value="2022-M06"/></generic:ObsKey><generic:ObsValue value="98"/></generic:Obs><generic:Obs><generic:ObsKey><generic:Value id="FREQ" value="M"/><generic:Value id="CSI_CD" value="FMFB"/><generic:Value id="CSI_CLF_CD" value="99988"/><generic:Value id="TIME_PERIOD" value="2022-M05"/></generic:ObsKey><generic:ObsValue value="111"/></generic:Obs><generic:Obs><generic:ObsKey><generic:Value id="FREQ" value="M"/><generic:Value id="CSI_CD" value="FMFB"/><generic:Value id="CSI_CLF_CD" value="99988"/><generic:Value id="TIME_PERIOD" value="2022-M04"/></generic:ObsKey><generic:ObsValue value="114"/></generic:Obs><generic:Obs><generic:ObsKey><generic:Value id="FREQ" value="M"/><generic:Value id="CSI_CD" value="FMFB"/><generic:Value id="CSI_CLF_CD" value="99988"/><generic:Value id="TIME_PERIOD" value="2022-M03"/></generic:ObsKey><generic:ObsValue value="104"/></generic:Obs><generic:Obs><generic:ObsKey><generic:Value id="FREQ" value="M"/><generic:Value id="CSI_CD" value="FMFB"/><generic:Value id="CSI_CLF_CD" value="99988"/><generic:Value id="TIME_PERIOD" value="2022-M02"/></generic:ObsKey><generic:ObsValue value="97"/></generic:Obs><generic:Obs><generic:ObsKey><generic:Value id="FREQ" value="M"/><generic:Value id="CSI_CD" value="FMFB"/><generic:Value id="CSI_CLF_CD" value="99988"/><generic:Value id="TIME_PERIOD" value="2022-M01"/></generic:ObsKey><generic:ObsValue value="100"/></generic:Obs><generic:Obs><generic:ObsKey><generic:Value id="FREQ" value="M"/><generic:Value id="CSI_CD" value="FMFB"/><generic:Value id="CSI_CLF_CD" value="99988"/><generic:Value id="TIME_PERIOD" value="2021-M12"/></generic:ObsKey><generic:ObsValue value="107"/></generic:Obs><generic:Obs><generic:ObsKey><generic:Value id="FREQ" value="M"/><generic:Value id="CSI_CD" value="FMFB"/><generic:Value id="CSI_CLF_CD" value="99988"/><generic:Value id="TIME_PERIOD" value="2021-M11"/></generic:ObsKey><generic:ObsValue value="116"/></generic:Obs><generic:Obs><generic:ObsKey><generic:Value id="FREQ" value="M"/><generic:Value id="CSI_CD" value="FMFB"/><generic:Value id="CSI_CLF_CD" value="99988"/><generic:Value id="TIME_PERIOD" value="2021-M10"/></generic:ObsKey><generic:ObsValue value="125"/></generic:Obs><generic:Obs><generic:ObsKey><generic:Value id="FREQ" value="M"/><generic:Value id="CSI_CD" value="FMFB"/><generic:Value id="CSI_CLF_CD" value="99988"/><generic:Value id="TIME_PERIOD" value="2021-M09"/></generic:ObsKey><generic:ObsValue value="128"/></generic:Obs><generic:Obs><generic:ObsKey><generic:Value id="FREQ" value="M"/><generic:Value id="CSI_CD" value="FMFB"/><generic:Value id="CSI_CLF_CD" value="99988"/><generic:Value id="TIME_PERIOD" value="2021-M08"/></generic:ObsKey><generic:ObsValue value="129"/></generic:Obs><generic:Obs><generic:ObsKey><generic:Value id="FREQ" value="M"/><generic:Value id="CSI_CD" value="FMFB"/><generic:Value id="CSI_CLF_CD" value="99988"/><generic:Value id="TIME_PERIOD" value="2021-M07"/></generic:ObsKey><generic:ObsValue value="129"/></generic:Obs><generic:Obs><generic:ObsKey><generic:Value id="FREQ" value="M"/><generic:Value id="CSI_CD" value="FMFB"/><generic:Value id="CSI_CLF_CD" value="99988"/><generic:Value id="TIME_PERIOD" value="2021-M06"/></generic:ObsKey><generic:ObsValue value="127"/></generic:Obs><generic:Obs><generic:ObsKey><generic:Value id="FREQ" value="M"/><generic:Value id="CSI_CD" value="FMFB"/><generic:Value id="CSI_CLF_CD" value="99988"/><generic:Value id="TIME_PERIOD" value="2021-M05"/></generic:ObsKey><generic:ObsValue value="124"/></generic:Obs><generic:Obs><generic:ObsKey><generic:Value id="FREQ" value="M"/><generic:Value id="CSI_CD" value="FMFB"/><generic:Value id="CSI_CLF_CD" value="99988"/><generic:Value id="TIME_PERIOD" value="2021-M04"/></generic:ObsKey><generic:ObsValue value="122"/></generic:Obs><generic:Obs><generic:ObsKey><generic:Value id="FREQ" value="M"/><generic:Value id="CSI_CD" value="FMFB"/><generic:Value id="CSI_CLF_CD" value="99988"/><generic:Value id="TIME_PERIOD" value="2021-M03"/></generic:ObsKey><generic:ObsValue value="124"/></generic:Obs><generic:Obs><generic:ObsKey><generic:Value id="FREQ" value="M"/><generic:Value id="CSI_CD" value="FMFB"/><generic:Value id="CSI_CLF_CD" value="99988"/><generic:Value id="TIME_PERIOD" value="2021-M02"/></generic:ObsKey><generic:ObsValue value="129"/></generic:Obs><generic:Obs><generic:ObsKey><generic:Value id="FREQ" value="M"/><generic:Value id="CSI_CD" value="FMFB"/><generic:Value id="CSI_CLF_CD" value="99988"/><generic:Value id="TIME_PERIOD" value="2021-M01"/></generic:ObsKey><generic:ObsValue value="130"/></generic:Obs><generic:Obs><generic:ObsKey><generic:Value id="FREQ" value="M"/><generic:Value id="CSI_CD" value="FMFB"/><generic:Value id="CSI_CLF_CD" value="99988"/><generic:Value id="TIME_PERIOD" value="2020-M12"/></generic:ObsKey><generic:ObsValue value="132"/></generic:Obs><generic:Obs><generic:ObsKey><generic:Value id="FREQ" value="M"/><generic:Value id="CSI_CD" value="FMFB"/><generic:Value id="CSI_CLF_CD" value="99988"/><generic:Value id="TIME_PERIOD" value="2020-M11"/></generic:ObsKey><generic:ObsValue value="130"/></generic:Obs><generic:Obs><generic:ObsKey><generic:Value id="FREQ" value="M"/><generic:Value id="CSI_CD" value="FMFB"/><generic:Value id="CSI_CLF_CD" value="99988"/><generic:Value id="TIME_PERIOD" value="2020-M10"/></generic:ObsKey><generic:ObsValue value="122"/></generic:Obs><generic:Obs><generic:ObsKey><generic:Value id="FREQ" value="M"/><generic:Value id="CSI_CD" value="FMFB"/><generic:Value id="CSI_CLF_CD" value="99988"/><generic:Value id="TIME_PERIOD" value="2020-M09"/></generic:ObsKey><generic:ObsValue value="117"/></generic:Obs><generic:Obs><generic:ObsKey><generic:Value id="FREQ" value="M"/><generic:Value id="CSI_CD" value="FMFB"/><generic:Value id="CSI_CLF_CD" value="99988"/><generic:Value id="TIME_PERIOD" value="2020-M08"/></generic:ObsKey><generic:ObsValue value="125"/></generic:Obs><generic:Obs><generic:ObsKey><generic:Value id="FREQ" value="M"/><generic:Value id="CSI_CD" value="FMFB"/><generic:Value id="CSI_CLF_CD" value="99988"/><generic:Value id="TIME_PERIOD" value="2020-M07"/></generic:ObsKey><generic:ObsValue value="125"/></generic:Obs><generic:Obs><generic:ObsKey><generic:Value id="FREQ" value="M"/><generic:Value id="CSI_CD" value="FMFB"/><generic:Value id="CSI_CLF_CD" value="99988"/><generic:Value id="TIME_PERIOD" value="2020-M06"/></generic:ObsKey><generic:ObsValue value="112"/></generic:Obs><generic:Obs><generic:ObsKey><generic:Value id="FREQ" value="M"/><generic:Value id="CSI_CD" value="FMFB"/><generic:Value id="CSI_CLF_CD" value="99988"/><generic:Value id="TIME_PERIOD" value="2020-M05"/></generic:ObsKey><generic:ObsValue value="96"/></generic:Obs><generic:Obs><generic:ObsKey><generic:Value id="FREQ" value="M"/><generic:Value id="CSI_CD" value="FMFB"/><generic:Value id="CSI_CLF_CD" value="99988"/><generic:Value id="TIME_PERIOD" value="2020-M04"/></generic:ObsKey><generic:ObsValue value="96"/></generic:Obs><generic:Obs><generic:ObsKey><generic:Value id="FREQ" value="M"/><generic:Value id="CSI_CD" value="FMFB"/><generic:Value id="CSI_CLF_CD" value="99988"/><generic:Value id="TIME_PERIOD" value="2020-M03"/></generic:ObsKey><generic:ObsValue value="112"/></generic:Obs><generic:Obs><generic:ObsKey><generic:Value id="FREQ" value="M"/><generic:Value id="CSI_CD" value="FMFB"/><generic:Value id="CSI_CLF_CD" value="99988"/><generic:Value id="TIME_PERIOD" value="2020-M02"/></generic:ObsKey><generic:ObsValue value="112"/></generic:Obs><generic:Obs><generic:ObsKey><generic:Value id="FREQ" value="M"/><generic:Value id="CSI_CD" value="FMFB"/><generic:Value id="CSI_CLF_CD" value="99988"/><generic:Value id="TIME_PERIOD" value="2020-M01"/></generic:ObsKey><generic:ObsValue value="116"/></generic:Obs><generic:Obs><generic:ObsKey><generic:Value id="FREQ" value="M"/><generic:Value id="CSI_CD" value="FMFB"/><generic:Value id="CSI_CLF_CD" value="99988"/><generic:Value id="TIME_PERIOD" value="2019-M12"/></generic:ObsKey><generic:ObsValue value="125"/></generic:Obs><generic:Obs><generic:ObsKey><generic:Value id="FREQ" value="M"/><generic:Value id="CSI_CD" value="FMFB"/><generic:Value id="CSI_CLF_CD" value="99988"/><generic:Value id="TIME_PERIOD" value="2019-M11"/></generic:ObsKey><generic:ObsValue value="120"/></generic:Obs><generic:Obs><generic:ObsKey><generic:Value id="FREQ" value="M"/><generic:Value id="CSI_CD" value="FMFB"/><generic:Value id="CSI_CLF_CD" value="99988"/><generic:Value id="TIME_PERIOD" value="2019-M10"/></generic:ObsKey><generic:ObsValue value="115"/></generic:Obs><generic:Obs><generic:ObsKey><generic:Value id="FREQ" value="M"/><generic:Value id="CSI_CD" value="FMFB"/><generic:Value id="CSI_CLF_CD" value="99988"/><generic:Value id="TIME_PERIOD" value="2019-M09"/></generic:ObsKey><generic:ObsValue value="109"/></generic:Obs><generic:Obs><generic:ObsKey><generic:Value id="FREQ" value="M"/><generic:Value id="CSI_CD" value="FMFB"/><generic:Value id="CSI_CLF_CD" value="99988"/><generic:Value id="TIME_PERIOD" value="2019-M08"/></generic:ObsKey><generic:ObsValue value="107"/></generic:Obs><generic:Obs><generic:ObsKey><generic:Value id="FREQ" value="M"/><generic:Value id="CSI_CD" value="FMFB"/><generic:Value id="CSI_CLF_CD" value="99988"/><generic:Value id="TIME_PERIOD" value="2019-M07"/></generic:ObsKey><generic:ObsValue value="106"/></generic:Obs><generic:Obs><generic:ObsKey><generic:Value id="FREQ" value="M"/><generic:Value id="CSI_CD" value="FMFB"/><generic:Value id="CSI_CLF_CD" value="99988"/><generic:Value id="TIME_PERIOD" value="2019-M06"/></generic:ObsKey><generic:ObsValue value="97"/></generic:Obs><generic:Obs><generic:ObsKey><generic:Value id="FREQ" value="M"/><generic:Value id="CSI_CD" value="FMFB"/><generic:Value id="CSI_CLF_CD" value="99988"/><generic:Value id="TIME_PERIOD" value="2019-M05"/></generic:ObsKey><generic:ObsValue value="93"/></generic:Obs><generic:Obs><generic:ObsKey><generic:Value id="FREQ" value="M"/><generic:Value id="CSI_CD" value="FMFB"/><generic:Value id="CSI_CLF_CD" value="99988"/><generic:Value id="TIME_PERIOD" value="2019-M04"/></generic:ObsKey><generic:ObsValue value="87"/></generic:Obs><generic:Obs><generic:ObsKey><generic:Value id="FREQ" value="M"/><generic:Value id="CSI_CD" value="FMFB"/><generic:Value id="CSI_CLF_CD" value="99988"/><generic:Value id="TIME_PERIOD" value="2019-M03"/></generic:ObsKey><generic:ObsValue value="83"/></generic:Obs><generic:Obs><generic:ObsKey><generic:Value id="FREQ" value="M"/><generic:Value id="CSI_CD" value="FMFB"/><generic:Value id="CSI_CLF_CD" value="99988"/><generic:Value id="TIME_PERIOD" value="2019-M02"/></generic:ObsKey><generic:ObsValue value="84"/></generic:Obs><generic:Obs><generic:ObsKey><generic:Value id="FREQ" value="M"/><generic:Value id="CSI_CD" value="FMFB"/><generic:Value id="CSI_CLF_CD" value="99988"/><generic:Value id="TIME_PERIOD" value="2019-M01"/></generic:ObsKey><generic:ObsValue value="91"/></generic:Obs><generic:Obs><generic:ObsKey><generic:Value id="FREQ" value="M"/><generic:Value id="CSI_CD" value="FMFB"/><generic:Value id="CSI_CLF_CD" value="99988"/><generic:Value id="TIME_PERIOD" value="2018-M12"/></generic:ObsKey><generic:ObsValue value="95"/></generic:Obs><generic:Obs><generic:ObsKey><generic:Value id="FREQ" value="M"/><generic:Value id="CSI_CD" value="FMFB"/><generic:Value id="CSI_CLF_CD" value="99988"/><generic:Value id="TIME_PERIOD" value="2018-M11"/></generic:ObsKey><generic:ObsValue value="101"/></generic:Obs><generic:Obs><generic:ObsKey><generic:Value id="FREQ" value="M"/><generic:Value id="CSI_CD" value="FMFB"/><generic:Value id="CSI_CLF_CD" value="99988"/><generic:Value id="TIME_PERIOD" value="2018-M10"/></generic:ObsKey><generic:ObsValue value="114"/></generic:Obs><generic:Obs><generic:ObsKey><generic:Value id="FREQ" value="M"/><generic:Value id="CSI_CD" value="FMFB"/><generic:Value id="CSI_CLF_CD" value="99988"/><generic:Value id="TIME_PERIOD" value="2018-M09"/></generic:ObsKey><generic:ObsValue value="128"/></generic:Obs><generic:Obs><generic:ObsKey><generic:Value id="FREQ" value="M"/><generic:Value id="CSI_CD" value="FMFB"/><generic:Value id="CSI_CLF_CD" value="99988"/><generic:Value id="TIME_PERIOD" value="2018-M08"/></generic:ObsKey><generic:ObsValue value="109"/></generic:Obs><generic:Obs><generic:ObsKey><generic:Value id="FREQ" value="M"/><generic:Value id="CSI_CD" value="FMFB"/><generic:Value id="CSI_CLF_CD" value="99988"/><generic:Value id="TIME_PERIOD" value="2018-M07"/></generic:ObsKey><generic:ObsValue value="98"/></generic:Obs><generic:Obs><generic:ObsKey><generic:Value id="FREQ" value="M"/><generic:Value id="CSI_CD" value="FMFB"/><generic:Value id="CSI_CLF_CD" value="99988"/><generic:Value id="TIME_PERIOD" value="2018-M06"/></generic:ObsKey><generic:ObsValue value="98"/></generic:Obs><generic:Obs><generic:ObsKey><generic:Value id="FREQ" value="M"/><generic:Value id="CSI_CD" value="FMFB"/><generic:Value id="CSI_CLF_CD" value="99988"/><generic:Value id="TIME_PERIOD" value="2018-M05"/></generic:ObsKey><generic:ObsValue value="102"/></generic:Obs><generic:Obs><generic:ObsKey><generic:Value id="FREQ" value="M"/><generic:Value id="CSI_CD" value="FMFB"/><generic:Value id="CSI_CLF_CD" value="99988"/><generic:Value id="TIME_PERIOD" value="2018-M04"/></generic:ObsKey><generic:ObsValue value="101"/></generic:Obs><generic:Obs><generic:ObsKey><generic:Value id="FREQ" value="M"/><generic:Value id="CSI_CD" value="FMFB"/><generic:Value id="CSI_CLF_CD" value="99988"/><generic:Value id="TIME_PERIOD" value="2018-M03"/></generic:ObsKey><generic:ObsValue value="107"/></generic:Obs><generic:Obs><generic:ObsKey><generic:Value id="FREQ" value="M"/><generic:Value id="CSI_CD" value="FMFB"/><generic:Value id="CSI_CLF_CD" value="99988"/><generic:Value id="TIME_PERIOD" value="2018-M02"/></generic:ObsKey><generic:ObsValue value="112"/></generic:Obs><generic:Obs><generic:ObsKey><generic:Value id="FREQ" value="M"/><generic:Value id="CSI_CD" value="FMFB"/><generic:Value id="CSI_CLF_CD" value="99988"/><generic:Value id="TIME_PERIOD" value="2018-M01"/></generic:ObsKey><generic:ObsValue value="110"/></generic:Obs><generic:Obs><generic:ObsKey><generic:Value id="FREQ" value="M"/><generic:Value id="CSI_CD" value="FMFB"/><generic:Value id="CSI_CLF_CD" value="99988"/><generic:Value id="TIME_PERIOD" value="2017-M12"/></generic:ObsKey><generic:ObsValue value="106"/></generic:Obs><generic:Obs><generic:ObsKey><generic:Value id="FREQ" value="M"/><generic:Value id="CSI_CD" value="FMFB"/><generic:Value id="CSI_CLF_CD" value="99988"/><generic:Value id="TIME_PERIOD" value="2017-M11"/></generic:ObsKey><generic:ObsValue value="106"/></generic:Obs><generic:Obs><generic:ObsKey><generic:Value id="FREQ" value="M"/><generic:Value id="CSI_CD" value="FMFB"/><generic:Value id="CSI_CLF_CD" value="99988"/><generic:Value id="TIME_PERIOD" value="2017-M10"/></generic:ObsKey><generic:ObsValue value="110"/></generic:Obs><generic:Obs><generic:ObsKey><generic:Value id="FREQ" value="M"/><generic:Value id="CSI_CD" value="FMFB"/><generic:Value id="CSI_CLF_CD" value="99988"/><generic:Value id="TIME_PERIOD" value="2017-M09"/></generic:ObsKey><generic:ObsValue value="103"/></generic:Obs><generic:Obs><generic:ObsKey><generic:Value id="FREQ" value="M"/><generic:Value id="CSI_CD" value="FMFB"/><generic:Value id="CSI_CLF_CD" value="99988"/><generic:Value id="TIME_PERIOD" value="2017-M08"/></generic:ObsKey><generic:ObsValue value="99"/></generic:Obs><generic:Obs><generic:ObsKey><generic:Value id="FREQ" value="M"/><generic:Value id="CSI_CD" value="FMFB"/><generic:Value id="CSI_CLF_CD" value="99988"/><generic:Value id="TIME_PERIOD" value="2017-M07"/></generic:ObsKey><generic:ObsValue value="115"/></generic:Obs><generic:Obs><generic:ObsKey><generic:Value id="FREQ" value="M"/><generic:Value id="CSI_CD" value="FMFB"/><generic:Value id="CSI_CLF_CD" value="99988"/><generic:Value id="TIME_PERIOD" value="2017-M06"/></generic:ObsKey><generic:ObsValue value="116"/></generic:Obs><generic:Obs><generic:ObsKey><generic:Value id="FREQ" value="M"/><generic:Value id="CSI_CD" value="FMFB"/><generic:Value id="CSI_CLF_CD" value="99988"/><generic:Value id="TIME_PERIOD" value="2017-M05"/></generic:ObsKey><generic:ObsValue value="109"/></generic:Obs><generic:Obs><generic:ObsKey><generic:Value id="FREQ" value="M"/><generic:Value id="CSI_CD" value="FMFB"/><generic:Value id="CSI_CLF_CD" value="99988"/><generic:Value id="TIME_PERIOD" value="2017-M04"/></generic:ObsKey><generic:ObsValue value="103"/></generic:Obs><generic:Obs><generic:ObsKey><generic:Value id="FREQ" value="M"/><generic:Value id="CSI_CD" value="FMFB"/><generic:Value id="CSI_CLF_CD" value="99988"/><generic:Value id="TIME_PERIOD" value="2017-M03"/></generic:ObsKey><generic:ObsValue value="99"/></generic:Obs><generic:Obs><generic:ObsKey><generic:Value id="FREQ" value="M"/><generic:Value id="CSI_CD" value="FMFB"/><generic:Value id="CSI_CLF_CD" value="99988"/><generic:Value id="TIME_PERIOD" value="2017-M02"/></generic:ObsKey><generic:ObsValue value="92"/></generic:Obs><generic:Obs><generic:ObsKey><generic:Value id="FREQ" value="M"/><generic:Value id="CSI_CD" value="FMFB"/><generic:Value id="CSI_CLF_CD" value="99988"/><generic:Value id="TIME_PERIOD" value="2017-M01"/></generic:ObsKey><generic:ObsValue value="92"/></generic:Obs><generic:Obs><generic:ObsKey><generic:Value id="FREQ" value="M"/><generic:Value id="CSI_CD" value="FMFB"/><generic:Value id="CSI_CLF_CD" value="99988"/><generic:Value id="TIME_PERIOD" value="2016-M12"/></generic:ObsKey><generic:ObsValue value="97"/></generic:Obs><generic:Obs><generic:ObsKey><generic:Value id="FREQ" value="M"/><generic:Value id="CSI_CD" value="FMFB"/><generic:Value id="CSI_CLF_CD" value="99988"/><generic:Value id="TIME_PERIOD" value="2016-M11"/></generic:ObsKey><generic:ObsValue value="107"/></generic:Obs><generic:Obs><generic:ObsKey><generic:Value id="FREQ" value="M"/><generic:Value id="CSI_CD" value="FMFB"/><generic:Value id="CSI_CLF_CD" value="99988"/><generic:Value id="TIME_PERIOD" value="2016-M10"/></generic:ObsKey><generic:ObsValue value="114"/></generic:Obs><generic:Obs><generic:ObsKey><generic:Value id="FREQ" value="M"/><generic:Value id="CSI_CD" value="FMFB"/><generic:Value id="CSI_CLF_CD" value="99988"/><generic:Value id="TIME_PERIOD" value="2016-M09"/></generic:ObsKey><generic:ObsValue value="112"/></generic:Obs><generic:Obs><generic:ObsKey><generic:Value id="FREQ" value="M"/><generic:Value id="CSI_CD" value="FMFB"/><generic:Value id="CSI_CLF_CD" value="99988"/><generic:Value id="TIME_PERIOD" value="2016-M08"/></generic:ObsKey><generic:ObsValue value="108"/></generic:Obs><generic:Obs><generic:ObsKey><generic:Value id="FREQ" value="M"/><generic:Value id="CSI_CD" value="FMFB"/><generic:Value id="CSI_CLF_CD" value="99988"/><generic:Value id="TIME_PERIOD" value="2016-M07"/></generic:ObsKey><generic:ObsValue value="111"/></generic:Obs><generic:Obs><generic:ObsKey><generic:Value id="FREQ" value="M"/><generic:Value id="CSI_CD" value="FMFB"/><generic:Value id="CSI_CLF_CD" value="99988"/><generic:Value id="TIME_PERIOD" value="2016-M06"/></generic:ObsKey><generic:ObsValue value="111"/></generic:Obs><generic:Obs><generic:ObsKey><generic:Value id="FREQ" value="M"/><generic:Value id="CSI_CD" value="FMFB"/><generic:Value id="CSI_CLF_CD" value="99988"/><generic:Value id="TIME_PERIOD" value="2016-M05"/></generic:ObsKey><generic:ObsValue value="106"/></generic:Obs><generic:Obs><generic:ObsKey><generic:Value id="FREQ" value="M"/><generic:Value id="CSI_CD" value="FMFB"/><generic:Value id="CSI_CLF_CD" value="99988"/><generic:Value id="TIME_PERIOD" value="2016-M04"/></generic:ObsKey><generic:ObsValue value="105"/></generic:Obs><generic:Obs><generic:ObsKey><generic:Value id="FREQ" value="M"/><generic:Value id="CSI_CD" value="FMFB"/><generic:Value id="CSI_CLF_CD" value="99988"/><generic:Value id="TIME_PERIOD" value="2016-M03"/></generic:ObsKey><generic:ObsValue value="101"/></generic:Obs><generic:Obs><generic:ObsKey><generic:Value id="FREQ" value="M"/><generic:Value id="CSI_CD" value="FMFB"/><generic:Value id="CSI_CLF_CD" value="99988"/><generic:Value id="TIME_PERIOD" value="2016-M02"/></generic:ObsKey><generic:ObsValue value="102"/></generic:Obs><generic:Obs><generic:ObsKey><generic:Value id="FREQ" value="M"/><generic:Value id="CSI_CD" value="FMFB"/><generic:Value id="CSI_CLF_CD" value="99988"/><generic:Value id="TIME_PERIOD" value="2016-M01"/></generic:ObsKey><generic:ObsValue value="102"/></generic:Obs><generic:Obs><generic:ObsKey><generic:Value id="FREQ" value="M"/><generic:Value id="CSI_CD" value="FMFB"/><generic:Value id="CSI_CLF_CD" value="99988"/><generic:Value id="TIME_PERIOD" value="2015-M12"/></generic:ObsKey><generic:ObsValue value="102"/></generic:Obs><generic:Obs><generic:ObsKey><generic:Value id="FREQ" value="M"/><generic:Value id="CSI_CD" value="FMFB"/><generic:Value id="CSI_CLF_CD" value="99988"/><generic:Value id="TIME_PERIOD" value="2015-M11"/></generic:ObsKey><generic:ObsValue value="113"/></generic:Obs><generic:Obs><generic:ObsKey><generic:Value id="FREQ" value="M"/><generic:Value id="CSI_CD" value="FMFB"/><generic:Value id="CSI_CLF_CD" value="99988"/><generic:Value id="TIME_PERIOD" value="2015-M10"/></generic:ObsKey><generic:ObsValue value="119"/></generic:Obs><generic:Obs><generic:ObsKey><generic:Value id="FREQ" value="M"/><generic:Value id="CSI_CD" value="FMFB"/><generic:Value id="CSI_CLF_CD" value="99988"/><generic:Value id="TIME_PERIOD" value="2015-M09"/></generic:ObsKey><generic:ObsValue value="117"/></generic:Obs><generic:Obs><generic:ObsKey><generic:Value id="FREQ" value="M"/><generic:Value id="CSI_CD" value="FMFB"/><generic:Value id="CSI_CLF_CD" value="99988"/><generic:Value id="TIME_PERIOD" value="2015-M08"/></generic:ObsKey><generic:ObsValue value="116"/></generic:Obs><generic:Obs><generic:ObsKey><generic:Value id="FREQ" value="M"/><generic:Value id="CSI_CD" value="FMFB"/><generic:Value id="CSI_CLF_CD" value="99988"/><generic:Value id="TIME_PERIOD" value="2015-M07"/></generic:ObsKey><generic:ObsValue value="119"/></generic:Obs><generic:Obs><generic:ObsKey><generic:Value id="FREQ" value="M"/><generic:Value id="CSI_CD" value="FMFB"/><generic:Value id="CSI_CLF_CD" value="99988"/><generic:Value id="TIME_PERIOD" value="2015-M06"/></generic:ObsKey><generic:ObsValue value="120"/></generic:Obs><generic:Obs><generic:ObsKey><generic:Value id="FREQ" value="M"/><generic:Value id="CSI_CD" value="FMFB"/><generic:Value id="CSI_CLF_CD" value="99988"/><generic:Value id="TIME_PERIOD" value="2015-M05"/></generic:ObsKey><generic:ObsValue value="122"/></generic:Obs><generic:Obs><generic:ObsKey><generic:Value id="FREQ" value="M"/><generic:Value id="CSI_CD" value="FMFB"/><generic:Value id="CSI_CLF_CD" value="99988"/><generic:Value id="TIME_PERIOD" value="2015-M04"/></generic:ObsKey><generic:ObsValue value="122"/></generic:Obs><generic:Obs><generic:ObsKey><generic:Value id="FREQ" value="M"/><generic:Value id="CSI_CD" value="FMFB"/><generic:Value id="CSI_CLF_CD" value="99988"/><generic:Value id="TIME_PERIOD" value="2015-M03"/></generic:ObsKey><generic:ObsValue value="123"/></generic:Obs><generic:Obs><generic:ObsKey><generic:Value id="FREQ" value="M"/><generic:Value id="CSI_CD" value="FMFB"/><generic:Value id="CSI_CLF_CD" value="99988"/><generic:Value id="TIME_PERIOD" value="2015-M02"/></generic:ObsKey><generic:ObsValue value="118"/></generic:Obs><generic:Obs><generic:ObsKey><generic:Value id="FREQ" value="M"/><generic:Value id="CSI_CD" value="FMFB"/><generic:Value id="CSI_CLF_CD" value="99988"/><generic:Value id="TIME_PERIOD" value="2015-M01"/></generic:ObsKey><generic:ObsValue value="116"/></generic:Obs><generic:Obs><generic:ObsKey><generic:Value id="FREQ" value="M"/><generic:Value id="CSI_CD" value="FMFB"/><generic:Value id="CSI_CLF_CD" value="99988"/><generic:Value id="TIME_PERIOD" value="2014-M12"/></generic:ObsKey><generic:ObsValue value="116"/></generic:Obs><generic:Obs><generic:ObsKey><generic:Value id="FREQ" value="M"/><generic:Value id="CSI_CD" value="FMFB"/><generic:Value id="CSI_CLF_CD" value="99988"/><generic:Value id="TIME_PERIOD" value="2014-M11"/></generic:ObsKey><generic:ObsValue value="119"/></generic:Obs><generic:Obs><generic:ObsKey><generic:Value id="FREQ" value="M"/><generic:Value id="CSI_CD" value="FMFB"/><generic:Value id="CSI_CLF_CD" value="99988"/><generic:Value id="TIME_PERIOD" value="2014-M10"/></generic:ObsKey><generic:ObsValue value="124"/></generic:Obs><generic:Obs><generic:ObsKey><generic:Value id="FREQ" value="M"/><generic:Value id="CSI_CD" value="FMFB"/><generic:Value id="CSI_CLF_CD" value="99988"/><generic:Value id="TIME_PERIOD" value="2014-M09"/></generic:ObsKey><generic:ObsValue value="124"/></generic:Obs><generic:Obs><generic:ObsKey><generic:Value id="FREQ" value="M"/><generic:Value id="CSI_CD" value="FMFB"/><generic:Value id="CSI_CLF_CD" value="99988"/><generic:Value id="TIME_PERIOD" value="2014-M08"/></generic:ObsKey><generic:ObsValue value="120"/></generic:Obs><generic:Obs><generic:ObsKey><generic:Value id="FREQ" value="M"/><generic:Value id="CSI_CD" value="FMFB"/><generic:Value id="CSI_CLF_CD" value="99988"/><generic:Value id="TIME_PERIOD" value="2014-M07"/></generic:ObsKey><generic:ObsValue value="113"/></generic:Obs><generic:Obs><generic:ObsKey><generic:Value id="FREQ" value="M"/><generic:Value id="CSI_CD" value="FMFB"/><generic:Value id="CSI_CLF_CD" value="99988"/><generic:Value id="TIME_PERIOD" value="2014-M06"/></generic:ObsKey><generic:ObsValue value="113"/></generic:Obs><generic:Obs><generic:ObsKey><generic:Value id="FREQ" value="M"/><generic:Value id="CSI_CD" value="FMFB"/><generic:Value id="CSI_CLF_CD" value="99988"/><generic:Value id="TIME_PERIOD" value="2014-M05"/></generic:ObsKey><generic:ObsValue value="113"/></generic:Obs><generic:Obs><generic:ObsKey><generic:Value id="FREQ" value="M"/><generic:Value id="CSI_CD" value="FMFB"/><generic:Value id="CSI_CLF_CD" value="99988"/><generic:Value id="TIME_PERIOD" value="2014-M04"/></generic:ObsKey><generic:ObsValue value="116"/></generic:Obs><generic:Obs><generic:ObsKey><generic:Value id="FREQ" value="M"/><generic:Value id="CSI_CD" value="FMFB"/><generic:Value id="CSI_CLF_CD" value="99988"/><generic:Value id="TIME_PERIOD" value="2014-M03"/></generic:ObsKey><generic:ObsValue value="121"/></generic:Obs><generic:Obs><generic:ObsKey><generic:Value id="FREQ" value="M"/><generic:Value id="CSI_CD" value="FMFB"/><generic:Value id="CSI_CLF_CD" value="99988"/><generic:Value id="TIME_PERIOD" value="2014-M02"/></generic:ObsKey><generic:ObsValue value="121"/></generic:Obs><generic:Obs><generic:ObsKey><generic:Value id="FREQ" value="M"/><generic:Value id="CSI_CD" value="FMFB"/><generic:Value id="CSI_CLF_CD" value="99988"/><generic:Value id="TIME_PERIOD" value="2014-M01"/></generic:ObsKey><generic:ObsValue value="117"/></generic:Obs><generic:Obs><generic:ObsKey><generic:Value id="FREQ" value="M"/><generic:Value id="CSI_CD" value="FMFB"/><generic:Value id="CSI_CLF_CD" value="99988"/><generic:Value id="TIME_PERIOD" value="2013-M12"/></generic:ObsKey><generic:ObsValue value="111"/></generic:Obs><generic:Obs><generic:ObsKey><generic:Value id="FREQ" value="M"/><generic:Value id="CSI_CD" value="FMFB"/><generic:Value id="CSI_CLF_CD" value="99988"/><generic:Value id="TIME_PERIOD" value="2013-M11"/></generic:ObsKey><generic:ObsValue value="113"/></generic:Obs><generic:Obs><generic:ObsKey><generic:Value id="FREQ" value="M"/><generic:Value id="CSI_CD" value="FMFB"/><generic:Value id="CSI_CLF_CD" value="99988"/><generic:Value id="TIME_PERIOD" value="2013-M10"/></generic:ObsKey><generic:ObsValue value="113"/></generic:Obs><generic:Obs><generic:ObsKey><generic:Value id="FREQ" value="M"/><generic:Value id="CSI_CD" value="FMFB"/><generic:Value id="CSI_CLF_CD" value="99988"/><generic:Value id="TIME_PERIOD" value="2013-M09"/></generic:ObsKey><generic:ObsValue value="109"/></generic:Obs><generic:Obs><generic:ObsKey><generic:Value id="FREQ" value="M"/><generic:Value id="CSI_CD" value="FMFB"/><generic:Value id="CSI_CLF_CD" value="99988"/><generic:Value id="TIME_PERIOD" value="2013-M08"/></generic:ObsKey><generic:ObsValue value="102"/></generic:Obs><generic:Obs><generic:ObsKey><generic:Value id="FREQ" value="M"/><generic:Value id="CSI_CD" value="FMFB"/><generic:Value id="CSI_CLF_CD" value="99988"/><generic:Value id="TIME_PERIOD" value="2013-M07"/></generic:ObsKey><generic:ObsValue value="103"/></generic:Obs><generic:Obs><generic:ObsKey><generic:Value id="FREQ" value="M"/><generic:Value id="CSI_CD" value="FMFB"/><generic:Value id="CSI_CLF_CD" value="99988"/><generic:Value id="TIME_PERIOD" value="2013-M06"/></generic:ObsKey><generic:ObsValue value="110"/></generic:Obs><generic:Obs><generic:ObsKey><generic:Value id="FREQ" value="M"/><generic:Value id="CSI_CD" value="FMFB"/><generic:Value id="CSI_CLF_CD" value="99988"/><generic:Value id="TIME_PERIOD" value="2013-M05"/></generic:ObsKey><generic:ObsValue value="111"/></generic:Obs><generic:Obs><generic:ObsKey><generic:Value id="FREQ" value="M"/><generic:Value id="CSI_CD" value="FMFB"/><generic:Value id="CSI_CLF_CD" value="99988"/><generic:Value id="TIME_PERIOD" value="2013-M04"/></generic:ObsKey><generic:ObsValue value="105"/></generic:Obs><generic:Obs><generic:ObsKey><generic:Value id="FREQ" value="M"/><generic:Value id="CSI_CD" value="FMFB"/><generic:Value id="CSI_CLF_CD" value="99988"/><generic:Value id="TIME_PERIOD" value="2013-M03"/></generic:ObsKey><generic:ObsValue value="101"/></generic:Obs><generic:Obs><generic:ObsKey><generic:Value id="FREQ" value="M"/><generic:Value id="CSI_CD" value="FMFB"/><generic:Value id="CSI_CLF_CD" value="99988"/><generic:Value id="TIME_PERIOD" value="2013-M02"/></generic:ObsKey><generic:ObsValue value="95"/></generic:Obs><generic:Obs><generic:ObsKey><generic:Value id="FREQ" value="M"/><generic:Value id="CSI_CD" value="FMFB"/><generic:Value id="CSI_CLF_CD" value="99988"/><generic:Value id="TIME_PERIOD" value="2013-M01"/></generic:ObsKey><generic:ObsValue value="94"/></generic:Obs></message:DataSet></message:GenericData>