<?xml version="1.0" encoding="UTF-8"?>
<mes:Structure xmlns:mes="http://www.sdmx.org/resources/sdmxml/schemas/v2_1/message" xmlns:com="http://www.sdmx.org/resources/sdmxml/schemas/v2_1/common" xmlns:str="http://www.sdmx.org/resources/sdmxml/schemas/v2_1/structure">
  <mes:Header>
    <mes:ID>3dea114d-c03f-4c1d-b5a8-46f878bcaf8d</mes:ID>
    <mes:Test>false</mes:Test>
    <mes:Prepared>2023-11-27T15:31:18.321Z</mes:Prepared>
    <mes:Sender id="BOK">
      <com:Name xml:lang="ko">한국은행</com:Name>
      <com:Name xml:lang="en">Bank of Korea</com:Name>
    </mes:Sender>
    <mes:Receiver id="unknown"/>
    <com:Name xml:lang="en">511Y002_dsd</com:Name>
  </mes:Header>
  <mes:Structures>
    <str:Codelists>
      <str:Codelist id="G00024" urn="urn:sdmx:org.sdmx.infomodel.codelist.Codelist=BOK:G00024(1.0)" agencyID="BOK" version="1.0" isFinal="true">
        <com:Name xml:lang="ko">주기</com:Name>
        <com:Description xml:lang="ko">주어진 시간 동안 관측이 이루어지는 시간 간격</com:Description>
        <str:Code id="N" urn="urn:sdmx:org.sdmx.infomodel.codelist.Code=BOK:G00024(1.0).N">
          <com:Name xml:lang="en">Minutely</com:Name>
          <com:Name xml:lang="ko">분</com:Name>
        </str:Code>
        <str:Code id="H" urn="urn:sdmx:org.sdmx.infomodel.codelist.Code=BOK:G00024(1.0).H">
          <com:Name xml:lang="en">Hourly</com:Name>
          <com:Name xml:lang="ko">시</com:Name>
        </str:Code>
        <str:Code id="4D" urn="urn:sdmx:org.sdmx.infomodel.codelist.Code=BOK:G00024(1.0).4D">
          <com:Name xml:lang="ko">일4번</com:Name>
        </str:Code>
        <str:Code id="B" urn="urn:sdmx:org.sdmx.infomodel.codelist.Code=BOK:G00024(1.0).B">
          <com:Name xml:lang="en">Daily - business week</com:Name>
          <com:Name xml:lang="ko">영업일</com:Name>
        </str:Code>
        <str:Code id="D" urn="urn:sdmx:org.sdmx.infomodel.codelist.Code=BOK:G00024(1.0).D">
          <com:Name xml:lang="en">Daily</com:Name>
          <com:Name xml:lang="ko">일</com:Name>
        </str:Code>
        <str:Code id="D5" urn="urn:sdmx:org.sdmx.infomodel.codelist.Code=BOK:G00024(1.0).D5">
          <com:Name xml:lang="ko">5일</com:Name>
        </str:Code>
        <str:Code id="W" urn="urn:sdmx:org.sdmx.infomodel.codelist.Code=BOK:G00024(1.0).W">
          <com:Name xml:lang="en">Weekly</com:Name>
          <com:Name xml:lang="ko">주</com:Name>
        </str:Code>
        <str:Code id="DT" urn="urn:sdmx:org.sdmx.infomodel.codelist.Code=BOK:G00024(1.0).DT">
          <com:Name xml:lang="ko">10일</com:Name>
        </str:Code>
        <str:Code id="SM" urn="urn:sdmx:org.sdmx.infomodel.codelist.Code=BOK:G00024(1.0).SM">
          <com:Name xml:lang="en">Semimonthly</com:Name>
          <com:Name xml:lang="ko">반월</com:Name>
        </str:Code>
        <str:Code id="M" urn="urn:sdmx:org.sdmx.infomodel.codelist.Code=BOK:G00024(1.0).M">
          <com:Name xml:lang="en">Monthly</com:Name>
          <com:Name xml:lang="ko">월</com:Name>
        </str:Code>
        <str:Code id="Q" urn="urn:sdmx:org.sdmx.infomodel.codelist.Code=BOK:G00024(1.0).Q">
          <com:Name xml:lang="en">Quarterly</com:Name>
          <com:Name xml:lang="ko">분기</com:Name>
        </str:Code>
        <str:Code id="S" urn="urn:sdmx:org.sdmx.infomodel.codelist.Code=BOK:G00024(1.0).S">
          <com:Name xml:lang="en">Semiannual</com:Name>
          <com:Name xml:lang="ko">반년</com:Name>
        </str:Code>
        <str:Code id="A" urn="urn:sdmx:org.sdmx.infomodel.codelist.Code=BOK:G00024(1.0).A">
          <com:Name xml:lang="en">Anuual</com:Name>
          <com:Name xml:lang="ko">년</com:Name>
        </str:Code>
      </str:Codelist>
      <str:Codelist id="G11849" urn="urn:sdmx:org.sdmx.infomodel.codelist.Codelist=BOK:G11849(1.0)" agencyID="BOK" version="1.0" isFinal="true">
        <com:Name xml:lang="en">CSI Code</com:Name>
        <com:Name xml:lang="ko">CSI코드</com:Name>
        <str:Code id="FMA" urn="urn:sdmx:org.sdmx.infomodel.codelist.Code=BOK:G11849(1.0).FMA">
          <com:Name xml:lang="en">Current Economic Situation</com:Name>
          <com:Name xml:lang="ko">경제인식조사</com:Name>
        </str:Code>
        <str:Code id="FMAA" urn="urn:sdmx:org.sdmx.infomodel.codelist.Code=BOK:G11849(1.0).FMAA">
          <com:Name xml:lang="en">Living Standard of Household</com:Name>
          <com:Name xml:lang="ko">현재생활형편CSI</com:Name>
        </str:Code>
        <str:Code id="FMAB" urn="urn:sdmx:org.sdmx.infomodel.codelist.Code=BOK:G11849(1.0).FMAB">
          <com:Name xml:lang="en">Domestic Economic Situation</com:Name>
          <com:Name xml:lang="ko">현재경기판단CSI</com:Name>
        </str:Code>
        <str:Code id="FMB" urn="urn:sdmx:org.sdmx.infomodel.codelist.Code=BOK:G11849(1.0).FMB">
          <com:Name xml:lang="en">Expectations of the Economic Situation</com:Name>
          <com:Name xml:lang="ko">경제전망조사</com:Name>
        </str:Code>
        <str:Code id="FMBA" urn="urn:sdmx:org.sdmx.infomodel.codelist.Code=BOK:G11849(1.0).FMBA">
          <com:Name xml:lang="en">Expectations of Living Standard of Household</com:Name>
          <com:Name xml:lang="ko">생활형편전망CSI</com:Name>
        </str:Code>
        <str:Code id="FMBB" urn="urn:sdmx:org.sdmx.infomodel.codelist.Code=BOK:G11849(1.0).FMBB">
          <com:Name xml:lang="en">Expectations of Domestic Economic Situation</com:Name>
          <com:Name xml:lang="ko">향후경기전망CSI</com:Name>
        </str:Code>
        <str:Code id="FMBE" urn="urn:sdmx:org.sdmx.infomodel.codelist.Code=BOK:G11849(1.0).FMBE">
          <com:Name xml:lang="en">Expectations of Employment Situation</com:Name>
          <com:Name xml:lang="ko">취업기회전망CSI</com:Name>
        </str:Code>
        <str:Code id="FMBG" urn="urn:sdmx:org.sdmx.infomodel.codelist.Code=BOK:G11849(1.0).FMBG">
          <com:Name xml:lang="en">Expectations of Interest Rates</com:Name>
          <com:Name xml:lang="ko">금리수준전망CSI</com:Name>
        </str:Code>
        <str:Code id="FMC" urn="urn:sdmx:org.sdmx.infomodel.codelist.Code=BOK:G11849(1.0).FMC">
          <com:Name xml:lang="en">Consumer Spending Plans</com:Name>
          <com:Name xml:lang="ko">소비지출전망조사</com:Name>
        </str:Code>
        <str:Code id="FMCA" urn="urn:sdmx:org.sdmx.infomodel.codelist.Code=BOK:G11849(1.0).FMCA">
          <com:Name xml:lang="en">Expectations of Household Income</com:Name>
          <com:Name xml:lang="ko">가계수입전망CSI</com:Name>
        </str:Code>
        <str:Code id="FMCB" urn="urn:sdmx:org.sdmx.infomodel.codelist.Code=BOK:G11849(1.0).FMCB">
          <com:Name xml:lang="en">Spending Plan</com:Name>
          <com:Name xml:lang="ko">소비지출전망CSI</com:Name>
        </str:Code>
        <str:Code id="FMCC" urn="urn:sdmx:org.sdmx.infomodel.codelist.Code=BOK:G11849(1.0).FMCC">
          <com:Name xml:lang="en">Purchase Plan Real Estate</com:Name>
          <com:Name xml:lang="ko">부동산구매계획CSI</com:Name>
        </str:Code>
        <str:Code id="FMCCA" urn="urn:sdmx:org.sdmx.infomodel.codelist.Code=BOK:G11849(1.0).FMCCA">
          <com:Name xml:lang="en">Durable Goods Expense Plan</com:Name>
          <com:Name xml:lang="ko">내구재 지출전망CSI</com:Name>
        </str:Code>
        <str:Code id="FMCCB" urn="urn:sdmx:org.sdmx.infomodel.codelist.Code=BOK:G11849(1.0).FMCCB">
          <com:Name xml:lang="en">Clothing Expense Plan</com:Name>
          <com:Name xml:lang="ko">의류비 지출전망CSI</com:Name>
        </str:Code>
        <str:Code id="FMCCC" urn="urn:sdmx:org.sdmx.infomodel.codelist.Code=BOK:G11849(1.0).FMCCC">
          <com:Name xml:lang="en">Eating Out Expense Plan</com:Name>
          <com:Name xml:lang="ko">외식비 지출전망CSI</com:Name>
        </str:Code>
        <str:Code id="FMCCD" urn="urn:sdmx:org.sdmx.infomodel.codelist.Code=BOK:G11849(1.0).FMCCD">
          <com:Name xml:lang="en">Travel Expense Plan</com:Name>
          <com:Name xml:lang="ko">여행비 지출전망CSI</com:Name>
        </str:Code>
        <str:Code id="FMCCE" urn="urn:sdmx:org.sdmx.infomodel.codelist.Code=BOK:G11849(1.0).FMCCE">
          <com:Name xml:lang="en">Education Expense Plan</com:Name>
          <com:Name xml:lang="ko">교육비 지출전망CSI</com:Name>
        </str:Code>
        <str:Code id="FMCCF" urn="urn:sdmx:org.sdmx.infomodel.codelist.Code=BOK:G11849(1.0).FMCCF">
          <com:Name xml:lang="en">Medical Care and Health Expense Plan</com:Name>
          <com:Name xml:lang="ko">의료·보건비 지출전망CSI</com:Name>
        </str:Code>
        <str:Code id="FMCCG" urn="urn:sdmx:org.sdmx.infomodel.codelist.Code=BOK:G11849(1.0).FMCCG">
          <com:Name xml:lang="en">Recreation, Entertainment and Cultural Services Expense Plan</com:Name>
          <com:Name xml:lang="ko">교양·오락·문화생활비 지출전망CSI</com:Name>
        </str:Code>
        <str:Code id="FMCCH" urn="urn:sdmx:org.sdmx.infomodel.codelist.Code=BOK:G11849(1.0).FMCCH">
          <com:Name xml:lang="en">Transportation and Telecommunication Expense Plan</com:Name>
          <com:Name xml:lang="ko">교통 및 통신비 지출전망CSI</com:Name>
        </str:Code>
        <str:Code id="FMCCI" urn="urn:sdmx:org.sdmx.infomodel.codelist.Code=BOK:G11849(1.0).FMCCI">
          <com:Name xml:lang="en">Housing Expense Plan</com:Name>
          <com:Name xml:lang="ko">주거비 지출전망CSI</com:Name>
        </str:Code>
        <str:Code id="FMD" urn="urn:sdmx:org.sdmx.infomodel.codelist.Code=BOK:G11849(1.0).FMD">
          <com:Name xml:lang="en">Savings and Debt of Household</com:Name>
          <com:Name xml:lang="ko">가계저축 및 부채조사</com:Name>
        </str:Code>
        <str:Code id="FMDA" urn="urn:sdmx:org.sdmx.infomodel.codelist.Code=BOK:G11849(1.0).FMDA">
          <com:Name xml:lang="en">Present Saving of Household</com:Name>
          <com:Name xml:lang="ko">현재가계저축CSI</com:Name>
        </str:Code>
        <str:Code id="FMDC" urn="urn:sdmx:org.sdmx.infomodel.codelist.Code=BOK:G11849(1.0).FMDC">
          <com:Name xml:lang="en">Expectations of Household Saving</com:Name>
          <com:Name xml:lang="ko">가계저축전망CSI</com:Name>
        </str:Code>
        <str:Code id="FMDB" urn="urn:sdmx:org.sdmx.infomodel.codelist.Code=BOK:G11849(1.0).FMDB">
          <com:Name xml:lang="en">Present Debt of Household</com:Name>
          <com:Name xml:lang="ko">현재가계부채CSI</com:Name>
        </str:Code>
        <str:Code id="FMDD" urn="urn:sdmx:org.sdmx.infomodel.codelist.Code=BOK:G11849(1.0).FMDD">
          <com:Name xml:lang="en">Expectations of Household Debt</com:Name>
          <com:Name xml:lang="ko">가계부채전망CSI</com:Name>
        </str:Code>
        <str:Code id="FMF" urn="urn:sdmx:org.sdmx.infomodel.codelist.Code=BOK:G11849(1.0).FMF">
          <com:Name xml:lang="en">Expectations of Prices</com:Name>
          <com:Name xml:lang="ko">물가전망조사</com:Name>
        </str:Code>
        <str:Code id="FMFA" urn="urn:sdmx:org.sdmx.infomodel.codelist.Code=BOK:G11849(1.0).FMFA">
          <com:Name xml:lang="en">Expectations of Prices</com:Name>
          <com:Name xml:lang="ko">물가수준전망CSI</com:Name>
        </str:Code>
        <str:Code id="FMFB" urn="urn:sdmx:org.sdmx.infomodel.codelist.Code=BOK:G11849(1.0).FMFB">
          <com:Name xml:lang="en">Expectations of Housing Prices</com:Name>
          <com:Name xml:lang="ko">주택가격전망CSI</com:Name>
        </str:Code>
        <str:Code id="FMFC" urn="urn:sdmx:org.sdmx.infomodel.codelist.Code=BOK:G11849(1.0).FMFC">
          <com:Name xml:lang="en">Expectations of Wages</com:Name>
          <com:Name xml:lang="ko">임금수준전망CSI</com:Name>
        </str:Code>
        <str:Code id="FMFD" urn="urn:sdmx:org.sdmx.infomodel.codelist.Code=BOK:G11849(1.0).FMFD">
          <com:Name xml:lang="en">Expectations of Prices(6 months later)(~2012.12)</com:Name>
          <com:Name xml:lang="ko">물가수준전망(6개월후)CSI(~2012.12월)</com:Name>
        </str:Code>
        <str:Code id="FMG" urn="urn:sdmx:org.sdmx.infomodel.codelist.Code=BOK:G11849(1.0).FMG">
          <com:Name xml:lang="en">Expectations of Asset Valuation(~2012.12)</com:Name>
          <com:Name xml:lang="ko">자산가치전망조사(~2012.12월)</com:Name>
        </str:Code>
        <str:Code id="FMDE" urn="urn:sdmx:org.sdmx.infomodel.codelist.Code=BOK:G11849(1.0).FMDE">
          <com:Name xml:lang="en">Expectations of Housing and Shopping Center Valuation</com:Name>
          <com:Name xml:lang="ko">주택·상가가치전망CSI</com:Name>
        </str:Code>
        <str:Code id="FMDF" urn="urn:sdmx:org.sdmx.infomodel.codelist.Code=BOK:G11849(1.0).FMDF">
          <com:Name xml:lang="en">Expectations of Real Estate and Forest Valuation</com:Name>
          <com:Name xml:lang="ko">토지·임야가치전망CSI</com:Name>
        </str:Code>
        <str:Code id="FMDG" urn="urn:sdmx:org.sdmx.infomodel.codelist.Code=BOK:G11849(1.0).FMDG">
          <com:Name xml:lang="en">Expectations of Financial Saving Valuation</com:Name>
          <com:Name xml:lang="ko">금융저축가치전망CSI</com:Name>
        </str:Code>
        <str:Code id="FMDH" urn="urn:sdmx:org.sdmx.infomodel.codelist.Code=BOK:G11849(1.0).FMDH">
          <com:Name xml:lang="en">Expectations of Stock Valuation</com:Name>
          <com:Name xml:lang="ko">주식가치전망CSI</com:Name>
        </str:Code>
        <str:Code id="FME" urn="urn:sdmx:org.sdmx.infomodel.codelist.Code=BOK:G11849(1.0).FME">
          <com:Name xml:lang="en">Composite Consumer Sentiment Index</com:Name>
          <com:Name xml:lang="ko">소비자심리지수</com:Name>
        </str:Code>
      </str:Codelist>
      <str:Codelist id="G11853" urn="urn:sdmx:org.sdmx.infomodel.codelist.Codelist=BOK:G11853(1.0)" agencyID="BOK" version="1.0" isFinal="true">
        <com:Name xml:lang="en">CSI Classification Code</com:Name>
        <com:Name xml:lang="ko">CSI분류코드</com:Name>
        <str:Code id="99988" urn="urn:sdmx:org.sdmx.infomodel.codelist.Code=BOK:G11853(1.0).99988">
          <com:Name xml:lang="en">Total</com:Name>
          <com:Name xml:lang="ko">전체</com:Name>
        </str:Code>
        <str:Code id="A" urn="urn:sdmx:org.sdmx.infomodel.codelist.Code=BOK:G11853(1.0).A">
          <com:Name xml:lang="en">Sex</com:Name>
          <com:Name xml:lang="ko">성별</com:Name>
        </str:Code>
        <str:Code id="A0001" urn="urn:sdmx:org.sdmx.infomodel.codelist.Code=BOK:G11853(1.0).A0001">
          <com:Name xml:lang="en">Male</com:Name>
          <com:Name xml:lang="ko">남자</com:Name>
        </str:Code>
        <str:Code id="A0002" urn="urn:sdmx:org.sdmx.infomodel.codelist.Code=BOK:G11853(1.0).A0002">
          <com:Name xml:lang="en">Female</com:Name>
          <com:Name xml:lang="ko">여자</com:Name>
        </str:Code>
        <str:Code id="B" urn="urn:sdmx:org.sdmx.infomodel.codelist.Code=BOK:G11853(1.0).B">
          <com:Name xml:lang="en">Age</com:Name>
          <com:Name xml:lang="ko">연령별</com:Name>
        </str:Code>
        <str:Code id="B1001" urn="urn:sdmx:org.sdmx.infomodel.codelist.Code=BOK:G11853(1.0).B1001">
          <com:Name xml:lang="en">Under 40 Years Old</com:Name>
          <com:Name xml:lang="ko">40세미만</com:Name>
        </str:Code>
        <str:Code id="B1002" urn="urn:sdmx:org.sdmx.infomodel.codelist.Code=BOK:G11853(1.0).B1002">
          <com:Name xml:lang="en">40-50 Years Old</com:Name>
          <com:Name xml:lang="ko">40-50세</com:Name>
        </str:Code>
        <str:Code id="B1003" urn="urn:sdmx:org.sdmx.infomodel.codelist.Code=BOK:G11853(1.0).B1003">
          <com:Name xml:lang="en">50-60 Years Old</com:Name>
          <com:Name xml:lang="ko">50-60세</com:Name>
        </str:Code>
        <str:Code id="B1004" urn="urn:sdmx:org.sdmx.infomodel.codelist.Code=BOK:G11853(1.0).B1004">
          <com:Name xml:lang="en">60-70 Years Old</com:Name>
          <com:Name xml:lang="ko">60-70세</com:Name>
        </str:Code>
        <str:Code id="B1005" urn="urn:sdmx:org.sdmx.infomodel.codelist.Code=BOK:G11853(1.0).B1005">
          <com:Name xml:lang="en">over 70 Years Old</com:Name>
          <com:Name xml:lang="ko">70세이상</com:Name>
        </str:Code>
        <str:Code id="C" urn="urn:sdmx:org.sdmx.infomodel.codelist.Code=BOK:G11853(1.0).C">
          <com:Name xml:lang="en">Occupation</com:Name>
          <com:Name xml:lang="ko">직업별</com:Name>
        </str:Code>
        <str:Code id="C0001" urn="urn:sdmx:org.sdmx.infomodel.codelist.Code=BOK:G11853(1.0).C0001">
          <com:Name xml:lang="en">Salaried</com:Name>
          <com:Name xml:lang="ko">봉급생활자</com:Name>
        </str:Code>
        <str:Code id="C0002" urn="urn:sdmx:org.sdmx.infomodel.codelist.Code=BOK:G11853(1.0).C0002">
          <com:Name xml:lang="en">Self-employed</com:Name>
          <com:Name xml:lang="ko">자영업자</com:Name>
        </str:Code>
        <str:Code id="C0003" urn="urn:sdmx:org.sdmx.infomodel.codelist.Code=BOK:G11853(1.0).C0003">
          <com:Name xml:lang="en">Other</com:Name>
          <com:Name xml:lang="ko">기타</com:Name>
        </str:Code>
        <str:Code id="D" urn="urn:sdmx:org.sdmx.infomodel.codelist.Code=BOK:G11853(1.0).D">
          <com:Name xml:lang="en">Income Per Month</com:Name>
          <com:Name xml:lang="ko">소득수준별</com:Name>
        </str:Code>
        <str:Code id="D0001" urn="urn:sdmx:org.sdmx.infomodel.codelist.Code=BOK:G11853(1.0).D0001">
          <com:Name xml:lang="en">Under 1 Million Won</com:Name>
          <com:Name xml:lang="ko">100만원미만</com:Name>
        </str:Code>
        <str:Code id="D0002" urn="urn:sdmx:org.sdmx.infomodel.codelist.Code=BOK:G11853(1.0).D0002">
          <com:Name xml:lang="en">1-2 Million Won</com:Name>
          <com:Name xml:lang="ko">100-200만원</com:Name>
        </str:Code>
        <str:Code id="D0003" urn="urn:sdmx:org.sdmx.infomodel.codelist.Code=BOK:G11853(1.0).D0003">
          <com:Name xml:lang="en">2-3 Million Won</com:Name>
          <com:Name xml:lang="ko">200-300만원</com:Name>
        </str:Code>
        <str:Code id="D0004" urn="urn:sdmx:org.sdmx.infomodel.codelist.Code=BOK:G11853(1.0).D0004">
          <com:Name xml:lang="en">3-4 Million Won</com:Name>
          <com:Name xml:lang="ko">300-400만원</com:Name>
        </str:Code>
        <str:Code id="D0005" urn="urn:sdmx:org.sdmx.infomodel.codelist.Code=BOK:G11853(1.0).D0005">
          <com:Name xml:lang="en">4-5 Million Won</com:Name>
          <com:Name xml:lang="ko">400-500만원</com:Name>
        </str:Code>
        <str:Code id="D0006" urn="urn:sdmx:org.sdmx.infomodel.codelist.Code=BOK:G11853(1.0).D0006">
          <com:Name xml:lang="en">Over 5 Million Won</com:Name>
          <com:Name xml:lang="ko">500만원이상</com:Name>
        </str:Code>
        <str:Code id="E" urn="urn:sdmx:org.sdmx.infomodel.codelist.Code=BOK:G11853(1.0).E">
          <com:Name xml:lang="en">Housing</com:Name>
          <com:Name xml:lang="ko">주거상황별</com:Name>
        </str:Code>
        <str:Code id="E0001" urn="urn:sdmx:org.sdmx.infomodel.codelist.Code=BOK:G11853(1.0).E0001">
          <com:Name xml:lang="en">Own</com:Name>
          <com:Name xml:lang="ko">자가</com:Name>
        </str:Code>
        <str:Code id="E0002" urn="urn:sdmx:org.sdmx.infomodel.codelist.Code=BOK:G11853(1.0).E0002">
          <com:Name xml:lang="en">Rented, etc</com:Name>
          <com:Name xml:lang="ko">임차 등</com:Name>
        </str:Code>
        <str:Code id="F" urn="urn:sdmx:org.sdmx.infomodel.codelist.Code=BOK:G11853(1.0).F">
          <com:Name xml:lang="en">Area of Residence</com:Name>
          <com:Name xml:lang="ko">거주지역별</com:Name>
        </str:Code>
        <str:Code id="F0001" urn="urn:sdmx:org.sdmx.infomodel.codelist.Code=BOK:G11853(1.0).F0001">
          <com:Name xml:lang="en">Seoul</com:Name>
          <com:Name xml:lang="ko">서울</com:Name>
        </str:Code>
        <str:Code id="F0002" urn="urn:sdmx:org.sdmx.infomodel.codelist.Code=BOK:G11853(1.0).F0002">
          <com:Name xml:lang="en">6 Major Provincial Cities</com:Name>
          <com:Name xml:lang="ko">6대광역시</com:Name>
        </str:Code>
        <str:Code id="F0003" urn="urn:sdmx:org.sdmx.infomodel.codelist.Code=BOK:G11853(1.0).F0003">
          <com:Name xml:lang="en">Other Cities</com:Name>
          <com:Name xml:lang="ko">기타도시</com:Name>
        </str:Code>
      </str:Codelist>
    </str:Codelists>
    <str:Concepts>
      <str:ConceptScheme id="CS_511Y002" urn="urn:sdmx:org.sdmx.infomodel.conceptscheme.ConceptScheme=BOK:CS_511Y002(1.0)" agencyID="BOK" version="1.0" isFinal="true">
        <com:Name xml:lang="en">6.2.1. Consumer Survey Index(BOK, National)(Monthly)(2008.9~)</com:Name>
        <com:Name xml:lang="ko">6.2.1. 소비자동향조사(전국, 월, 2008.9~)</com:Name>
        <str:Concept id="TIME_PERIOD" urn="urn:sdmx:org.sdmx.infomodel.conceptscheme.Concept=BOK:CS_511Y002(1.0).TIME_PERIOD">
          <com:Name xml:lang="en">Time period</com:Name>
          <com:Name xml:lang="ko">시점</com:Name>
        </str:Concept>
        <str:Concept id="FREQ" urn="urn:sdmx:org.sdmx.infomodel.conceptscheme.Concept=BOK:CS_511Y002(1.0).FREQ">
          <com:Name xml:lang="en">Frequency of observation</com:Name>
          <com:Name xml:lang="ko">주기</com:Name>
          <str:CoreRepresentation>
            <str:Enumeration>
              <Ref id="G00024" version="1.0" agencyID="BOK" package="codelist" class="Codelist"/>
            </str:Enumeration>
          </str:CoreRepresentation>
        </str:Concept>
        <str:Concept id="CSI_CD" urn="urn:sdmx:org.sdmx.infomodel.conceptscheme.Concept=BOK:CS_511Y002(1.0).CSI_CD">
          <com:Name xml:lang="en">CSI Code</com:Name>
          <com:Name xml:lang="ko">CSI코드</com:Name>
          <str:CoreRepresentation>
            <str:Enumeration>
              <Ref id="G11849" version="1.0" agencyID="BOK" package="codelist" class="Codelist"/>
            </str:Enumeration>
          </str:CoreRepresentation>
        </str:Concept>
        <str:Concept id="CSI_CLF_CD" urn="urn:sdmx:org.sdmx.infomodel.conceptscheme.Concept=BOK:CS_511Y002(1.0).CSI_CLF_CD">
          <com:Name xml:lang="en">CSI Classification Code</com:Name>
          <com:Name xml:lang="ko">CSI분류코드</com:Name>
          <str:CoreRepresentation>
            <str:Enumeration>
              <Ref id="G11853" version="1.0" agencyID="BOK" package="codelist" class="Codelist"/>
            </str:Enumeration>
          </str:CoreRepresentation>
        </str:Concept>
        <str:Concept id="OBS_VALUE" urn="urn:sdmx:org.sdmx.infomodel.conceptscheme.Concept=BOK:CS_511Y002(1.0).OBS_VALUE">
          <com:Name xml:lang="ko">관측값</com:Name>
        </str:Concept>
        <str:Concept id="DATA_STT" urn="urn:sdmx:org.sdmx.infomodel.conceptscheme.Concept=BOK:CS_511Y002(1.0).DATA_STT">
          <com:Name xml:lang="ko">자료상태</com:Name>
        </str:Concept>
        <str:Concept id="DATA_STP" urn="urn:sdmx:org.sdmx.infomodel.conceptscheme.Concept=BOK:CS_511Y002(1.0).DATA_STP">
          <com:Name xml:lang="ko">자료단계</com:Name>
        </str:Concept>
        <str:Concept id="CRTN_SHP" urn="urn:sdmx:org.sdmx.infomodel.conceptscheme.Concept=BOK:CS_511Y002(1.0).CRTN_SHP">
          <com:Name xml:lang="en">Creation Shape</com:Name>
          <com:Name xml:lang="ko">생성유형</com:Name>
        </str:Concept>
      </str:ConceptScheme>
    </str:Concepts>
    <str:DataStructures>
      <str:DataStructure id="511Y002" urn="urn:sdmx:org.sdmx.infomodel.datastructure.DataStructure=BOK:511Y002(1.0)" agencyID="BOK" version="1.0" isFinal="true">
        <com:Name xml:lang="en">6.2.1. Consumer Survey Index(BOK, National)(Monthly)(2008.9~)</com:Name>
        <com:Name xml:lang="ko">6.2.1. 소비자동향조사(전국, 월, 2008.9~)</com:Name>
        <str:DataStructureComponents>
          <str:DimensionList id="DimensionDescriptor" urn="urn:sdmx:org.sdmx.infomodel.datastructure.DimensionDescriptor=BOK:511Y002(1.0).DimensionDescriptor">
            <str:TimeDimension id="TIME_PERIOD" urn="urn:sdmx:org.sdmx.infomodel.datastructure.TimeDimension=BOK:511Y002(1.0).TIME_PERIOD" position="1">
              <str:ConceptIdentity>
                <Ref id="TIME_PERIOD" maintainableParentID="CS_511Y002" maintainableParentVersion="1.0" agencyID="BOK" package="conceptscheme" class="Concept"/>
              </str:ConceptIdentity>
              <str:LocalRepresentation>
                <str:TextFormat textType="ObservationalTimePeriod"/>
              </str:LocalRepresentation>
            </str:TimeDimension>
            <str:Dimension id="FREQ" urn="urn:sdmx:org.sdmx.infomodel.datastructure.Dimension=BOK:511Y002(1.0).FREQ" position="2">
              <str:ConceptIdentity>
                <Ref id="FREQ" maintainableParentID="CS_511Y002" maintainableParentVersion="1.0" agencyID="BOK" package="conceptscheme" class="Concept"/>
              </str:ConceptIdentity>
              <str:LocalRepresentation>
                <str:Enumeration>
                  <Ref id="G00024" version="1.0" agencyID="BOK" package="codelist" class="Codelist"/>
                </str:Enumeration>
                <str:EnumerationFormat textType="String" maxLength="2"/>
              </str:LocalRepresentation>
            </str:Dimension>
            <str:Dimension id="CSI_CD" urn="urn:sdmx:org.sdmx.infomodel.datastructure.Dimension=BOK:511Y002(1.0).CSI_CD" position="3">
              <str:ConceptIdentity>
                <Ref id="CSI_CD" maintainableParentID="CS_511Y002" maintainableParentVersion="1.0" agencyID="BOK" package="conceptscheme" class="Concept"/>
              </str:ConceptIdentity>
              <str:LocalRepresentation>
                <str:Enumeration>
                  <Ref id="G11849" version="1.0" agencyID="BOK" package="codelist" class="Codelist"/>
                </str:Enumeration>
                <str:EnumerationFormat textType="String" maxLength="7"/>
              </str:LocalRepresentation>
            </str:Dimension>
            <str:Dimension id="CSI_CLF_CD" urn="urn:sdmx:org.sdmx.infomodel.datastructure.Dimension=BOK:511Y002(1.0).CSI_CLF_CD" position="4">
              <str:ConceptIdentity>
                <Ref id="CSI_CLF_CD" maintainableParentID="CS_511Y002" maintainableParentVersion="1.0" agencyID="BOK" package="conceptscheme" class="Concept"/>
              </str:ConceptIdentity>
              <str:LocalRepresentation>
                <str:Enumeration>
                  <Ref id="G11853" version="1.0" agencyID="BOK" package="codelist" class="Codelist"/>
                </str:Enumeration>
                <str:EnumerationFormat textType="String" maxLength="5"/>
              </str:LocalRepresentation>
            </str:Dimension>
          </str:DimensionList>
          <str:AttributeList id="AttributeDescriptor" urn="urn:sdmx:org.sdmx.infomodel.datastructure.AttributeDescriptor=BOK:511Y002(1.0).AttributeDescriptor">
            <str:Attribute id="DATA_STT" urn="urn:sdmx:org.sdmx.infomodel.datastructure.DataAttribute=BOK:511Y002(1.0).DATA_STT" assignmentStatus="Conditional">
              <str:ConceptIdentity>
                <Ref id="DATA_STT" maintainableParentID="CS_511Y002" maintainableParentVersion="1.0" agencyID="BOK" package="conceptscheme" class="Concept"/>
              </str:ConceptIdentity>
              <str:AttributeRelationship>
                <str:PrimaryMeasure>
                  <Ref id="OBS_VALUE"/>
                </str:PrimaryMeasure>
              </str:AttributeRelationship>
            </str:Attribute>
            <str:Attribute id="DATA_STP" urn="urn:sdmx:org.sdmx.infomodel.datastructure.DataAttribute=BOK:511Y002(1.0).DATA_STP" assignmentStatus="Conditional">
              <str:ConceptIdentity>
                <Ref id="DATA_STP" maintainableParentID="CS_511Y002" maintainableParentVersion="1.0" agencyID="BOK" package="conceptscheme" class="Concept"/>
              </str:ConceptIdentity>
              <str:AttributeRelationship>
                <str:PrimaryMeasure>
                  <Ref id="OBS_VALUE"/>
                </str:PrimaryMeasure>
              </str:AttributeRelationship>
            </str:Attribute>
            <str:Attribute id="CRTN_SHP" urn="urn:sdmx:org.sdmx.infomodel.datastructure.DataAttribute=BOK:511Y002(1.0).CRTN_SHP" assignmentStatus="Conditional">
              <str:ConceptIdentity>
                <Ref id="CRTN_SHP" maintainableParentID="CS_511Y002" maintainableParentVersion="1.0" agencyID="BOK" package="conceptscheme" class="Concept"/>
              </str:ConceptIdentity>
              <str:AttributeRelationship>
                <str:PrimaryMeasure>
                  <Ref id="OBS_VALUE"/>
                </str:PrimaryMeasure>
              </str:AttributeRelationship>
            </str:Attribute>
          </str:AttributeList>
          <str:MeasureList id="MeasureDescriptor" urn="urn:sdmx:org.sdmx.infomodel.datastructure.MeasureDescriptor=BOK:511Y002(1.0).MeasureDescriptor">
            <str:PrimaryMeasure id="OBS_VALUE" urn="urn:sdmx:org.sdmx.infomodel.datastructure.PrimaryMeasure=BOK:511Y002(1.0).OBS_VALUE">
              <str:ConceptIdentity>
                <Ref id="OBS_VALUE" maintainableParentID="CS_511Y002" maintainableParentVersion="1.0" agencyID="BOK" package="conceptscheme" class="Concept"/>
              </str:ConceptIdentity>
              <str:LocalRepresentation>
                <str:TextFormat textType="Double" maxLength="23"/>
              </str:LocalRepresentation>
            </str:PrimaryMeasure>
          </str:MeasureList>
        </str:DataStructureComponents>
      </str:DataStructure>
    </str:DataStructures>
  </mes:Structures>
</mes:Structure>